order_id,user_id,order_date,status,total_amount
1,2,2026-08-21 16:32:54,pending,75
2,4,2026-08-21 21:35:28,completed,90
3,5,2026-08-21 21:35:28,completed,80
4,6,2026-08-21 21:35:28,pending,120
5,7,2026-08-21 21:35:28,preparing,45
6,8,2026-08-21 21:35:28,completed,100
7,9,2026-08-21 21:35:28,pending,55
8,10,2026-08-21 21:35:28,completed,75
9,11,2026-08-21 21:35:28,preparing,135
10,12,2026-08-21 21:35:28,completed,30
11,13,2026-08-21 21:35:28,pending,90
12,15,2026-08-20 21:47:48,completed,30
13,21,2026-08-21 21:47:48,preparing,210
14,16,2026-08-03 21:47:48,completed,105
15,12,2026-08-13 21:47:48,completed,110
16,13,2026-07-25 21:47:48,completed,285
17,19,2026-08-12 21:47:48,preparing,150
18,4,2026-07-25 21:47:48,completed,90
19,22,2026-07-26 21:47:48,completed,114
20,23,2026-08-01 21:47:48,completed,85
21,14,2026-08-13 21:47:48,preparing,85
22,14,2026-08-13 21:47:48,completed,90
23,17,2026-08-09 21:47:48,pending,80
24,20,2026-08-08 21:47:48,preparing,141
25,7,2026-07-27 21:47:48,pending,90
26,10,2026-08-04 21:47:48,completed,135
27,26,2026-08-01 21:47:48,completed,50
28,16,2026-08-21 21:47:48,completed,250
29,18,2026-08-02 21:47:48,completed,159
30,21,2026-08-11 21:47:48,pending,70
31,3,2026-08-14 21:47:48,preparing,45
32,26,2026-08-04 21:47:48,completed,215
33,18,2026-07-25 21:47:48,preparing,330
34,18,2026-08-07 21:47:48,completed,65
35,19,2026-08-14 21:47:48,preparing,165
36,4,2026-07-24 21:47:48,completed,260
37,19,2026-08-17 21:47:48,preparing,315
38,15,2026-08-07 21:47:48,completed,60
39,12,2026-07-27 21:47:48,completed,130
40,7,2026-08-13 21:47:48,pending,135
41,19,2026-07-26 21:47:48,completed,25
42,17,2026-08-06 21:47:48,completed,300
43,24,2026-07-29 21:47:48,preparing,255
44,3,2026-08-03 21:47:48,pending,90
45,4,2026-07-31 21:47:48,completed,220
46,20,2026-08-03 21:47:48,preparing,165
47,6,2026-07-31 21:47:48,completed,295
48,8,2026-08-05 21:47:48,completed,48
49,7,2026-08-07 21:47:48,preparing,335
50,5,2026-07-24 21:47:48,completed,205
51,8,2026-07-30 21:47:48,completed,210
52,10,2026-07-24 21:47:48,completed,80
53,3,2026-08-21 21:47:48,completed,100
54,19,2026-07-30 21:47:48,pending,35
55,3,2026-07-26 21:47:48,completed,90
56,27,2026-07-25 21:47:48,completed,185
57,15,2026-08-02 21:47:48,completed,85
58,12,2026-07-27 21:47:48,pending,95
59,17,2026-08-14 21:47:48,completed,209
60,4,2026-07-28 21:47:48,completed,390
61,5,2026-07-24 21:47:48,completed,50
