order_item_id,order_id,item_id,quantity,subtotal
1,1,1,1,40
2,1,3,1,15
3,1,5,1,20
4,2,15,1,90
5,3,9,1,20
6,3,17,1,60
7,4,18,1,70
8,4,20,1,30
9,4,9,1,20
10,5,13,1,45
11,6,16,1,80
12,6,9,1,20
13,7,6,1,35
14,7,9,1,20
15,8,17,1,60
16,8,25,1,15
17,9,15,1,90
18,9,23,1,45
19,10,24,1,30
20,11,17,1,60
21,11,20,1,30
22,12,7,1,30
23,13,24,3,90
24,13,22,3,120
25,14,6,3,105
26,15,11,1,40
27,15,4,2,70
28,16,2,3,90
29,16,25,1,15
30,16,15,2,180
31,17,20,1,30
32,17,7,1,30
33,17,24,3,90
34,18,13,2,90
35,19,12,3,54
36,19,7,2,60
37,20,18,1,70
38,20,25,1,15
39,21,23,1,45
40,21,11,1,40
41,22,20,2,60
42,22,24,1,30
43,23,9,1,20
44,23,5,3,60
45,24,12,2,36
46,24,8,1,25
47,24,5,1,20
48,24,17,1,60
49,25,13,2,90
50,26,23,3,135
51,27,10,2,50
52,28,17,3,180
53,28,4,2,70
54,29,12,3,54
55,29,6,3,105
56,30,4,2,70
57,31,3,3,45
58,32,23,3,135
59,32,16,1,80
60,33,7,1,30
61,33,18,3,210
62,33,25,2,30
63,33,24,2,60
64,34,8,2,50
65,34,3,1,15
66,35,1,3,120
67,35,3,3,45
68,36,3,2,30
69,36,17,3,180
70,36,8,2,50
71,37,8,1,25
72,37,16,1,80
73,37,14,3,150
74,37,7,2,60
75,38,2,2,60
76,39,7,2,60
77,39,18,1,70
78,40,3,3,45
79,40,15,1,90
80,41,8,1,25
81,42,2,2,60
82,42,6,2,70
83,42,13,2,90
84,42,1,2,80
85,43,5,3,60
86,43,7,3,90
87,43,10,3,75
88,43,2,1,30
89,44,2,1,30
90,44,17,1,60
91,45,4,1,35
92,45,20,3,90
93,45,8,1,25
94,45,21,2,70
95,46,9,3,60
96,46,7,2,60
97,46,23,1,45
98,47,11,3,120
99,47,3,3,45
100,47,1,1,40
101,47,15,1,90
102,48,12,1,18
103,48,3,2,30
104,49,21,1,35
105,49,22,3,120
106,49,17,3,180
107,50,4,1,35
108,50,25,2,30
109,50,18,2,140
110,51,23,2,90
111,51,22,3,120
112,52,22,2,80
113,53,22,1,40
114,53,9,3,60
115,54,4,1,35
116,55,14,1,50
117,55,5,2,40
118,56,7,3,90
119,56,23,1,45
120,56,8,2,50
121,57,6,1,35
122,57,14,1,50
123,58,9,3,60
124,58,6,1,35
125,59,12,3,54
126,59,10,1,25
127,59,8,2,50
128,59,1,2,80
129,60,22,3,120
130,60,17,3,180
131,60,13,2,90
132,61,20,1,30
133,61,9,1,20
