payment_id,order_id,amount,payment_method,payment_status,payment_date
1,1,75,UPI,paid,2026-08-21 16:32:54
2,2,90,UPI,paid,2026-08-21 21:35:28
3,3,80,Card,paid,2026-08-21 21:35:28
4,4,120,UPI,pending,2026-08-21 21:35:28
5,5,45,Cash,pending,2026-08-21 21:35:28
6,6,100,UPI,paid,2026-08-21 21:35:28
7,7,55,Card,pending,2026-08-21 21:35:28
8,8,75,Cash,paid,2026-08-21 21:35:28
9,9,135,UPI,pending,2026-08-21 21:35:28
10,10,30,Cash,paid,2026-08-21 21:35:28
11,11,90,UPI,pending,2026-08-21 21:35:28
12,12,30,Cash,paid,2026-08-20 21:47:48
13,13,210,UPI,paid,2026-08-21 21:47:48
14,14,105,Card,paid,2026-08-03 21:47:48
15,15,110,UPI,paid,2026-08-13 21:47:48
16,16,285,UPI,paid,2026-07-25 21:47:48
17,17,150,Card,pending,2026-08-12 21:47:48
18,18,90,Card,paid,2026-07-25 21:47:48
19,19,114,Cash,paid,2026-07-26 21:47:48
20,20,85,Card,paid,2026-08-01 21:47:48
21,21,85,Card,pending,2026-08-13 21:47:48
22,22,90,Cash,paid,2026-08-13 21:47:48
23,23,80,Cash,paid,2026-08-09 21:47:48
24,24,141,Cash,pending,2026-08-08 21:47:48
25,25,90,Cash,paid,2026-07-27 21:47:48
26,26,135,Card,paid,2026-08-04 21:47:48
27,27,50,UPI,paid,2026-08-01 21:47:48
28,28,250,Cash,paid,2026-08-21 21:47:48
29,29,159,UPI,paid,2026-08-02 21:47:48
30,30,70,UPI,paid,2026-08-11 21:47:48
31,31,45,UPI,paid,2026-08-14 21:47:48
32,32,215,Card,paid,2026-08-04 21:47:48
33,33,330,Card,paid,2026-07-25 21:47:48
34,34,65,Cash,paid,2026-08-07 21:47:48
35,35,165,UPI,pending,2026-08-14 21:47:48
36,36,260,UPI,paid,2026-07-24 21:47:48
37,37,315,Card,paid,2026-08-17 21:47:48
38,38,60,Cash,paid,2026-08-07 21:47:48
39,39,130,Card,paid,2026-07-27 21:47:48
40,40,135,Cash,pending,2026-08-13 21:47:48
41,41,25,Card,paid,2026-07-26 21:47:48
42,42,300,Card,paid,2026-08-06 21:47:48
43,43,255,UPI,paid,2026-07-29 21:47:48
44,44,90,Cash,pending,2026-08-03 21:47:48
45,45,220,Cash,paid,2026-07-31 21:47:48
46,46,165,Card,paid,2026-08-03 21:47:48
47,47,295,Cash,paid,2026-07-31 21:47:48
48,48,48,Card,paid,2026-08-05 21:47:48
49,49,335,Cash,paid,2026-08-07 21:47:48
50,50,205,Cash,paid,2026-07-24 21:47:48
51,51,210,Card,paid,2026-07-30 21:47:48
52,52,80,Card,paid,2026-07-24 21:47:48
53,53,100,Card,paid,2026-08-21 21:47:48
54,54,35,Cash,pending,2026-07-30 21:47:48
55,55,90,Card,paid,2026-07-26 21:47:48
56,56,185,Cash,paid,2026-07-25 21:47:48
57,57,85,Cash,paid,2026-08-02 21:47:48
58,58,95,UPI,paid,2026-07-27 21:47:48
59,59,209,Card,paid,2026-08-14 21:47:48
60,60,390,UPI,paid,2026-07-28 21:47:48
61,61,50,Cash,paid,2026-07-24 21:47:48
