user_id,name,email,password,role,created_at
1,Rutuja Pawar,rutuja.pawar@vit.edu.in,hashed_pw_1,admin,2026-08-21 16:32:54
2,Arjun Mehta,arjun.mehta@vit.edu.in,hashed_pw_2,customer,2026-08-21 16:32:54
3,Priya Shah,priya.shah@vit.edu.in,hashed_pw_3,customer,2026-08-21 16:32:54
4,Rohan Verma,rohan.verma@vit.edu.in,hashed_pw_4,customer,2026-08-21 21:35:28
5,Sneha Kulkarni,sneha.kulkarni@vit.edu.in,hashed_pw_5,customer,2026-08-21 21:35:28
6,Aditya Rao,aditya.rao@vit.edu.in,hashed_pw_6,customer,2026-08-21 21:35:28
7,Meera Joshi,meera.joshi@vit.edu.in,hashed_pw_7,customer,2026-08-21 21:35:28
8,Karan Singh,karan.singh@vit.edu.in,hashed_pw_8,customer,2026-08-21 21:35:28
9,Ishita Desai,ishita.desai@vit.edu.in,hashed_pw_9,customer,2026-08-21 21:35:28
10,Vikram Patil,vikram.patil@vit.edu.in,hashed_pw_10,customer,2026-08-21 21:35:28
11,Ananya Iyer,ananya.iyer@vit.edu.in,hashed_pw_11,customer,2026-08-21 21:35:28
12,Rahul Bhatt,rahul.bhatt@vit.edu.in,hashed_pw_12,customer,2026-08-21 21:35:28
13,Divya Reddy,divya.reddy@vit.edu.in,hashed_pw_13,staff,2026-08-21 21:35:28
14,Om Deshpande,om.deshpande@vit.edu.in,hashed_pw_754,customer,2026-08-21 21:47:48
15,Kavya Nair,kavya.nair@vit.edu.in,hashed_pw_214,customer,2026-08-21 21:47:48
16,Yash Kulkarni,yash.kulkarni@vit.edu.in,hashed_pw_125,customer,2026-08-21 21:47:48
17,Riya Bansal,riya.bansal@vit.edu.in,hashed_pw_859,customer,2026-08-21 21:47:48
18,Siddharth Jain,siddharth.jain@vit.edu.in,hashed_pw_381,customer,2026-08-21 21:47:48
19,Pooja Menon,pooja.menon@vit.edu.in,hashed_pw_350,customer,2026-08-21 21:47:48
20,Nikhil Chavan,nikhil.chavan@vit.edu.in,hashed_pw_328,customer,2026-08-21 21:47:48
21,Tanvi Gupta,tanvi.gupta@vit.edu.in,hashed_pw_242,customer,2026-08-21 21:47:48
22,Aryan Kapoor,aryan.kapoor@vit.edu.in,hashed_pw_854,customer,2026-08-21 21:47:48
23,Simran Kaur,simran.kaur@vit.edu.in,hashed_pw_204,customer,2026-08-21 21:47:48
24,Harsh Agarwal,harsh.agarwal@vit.edu.in,hashed_pw_792,customer,2026-08-21 21:47:48
25,Neha Pillai,neha.pillai@vit.edu.in,hashed_pw_858,customer,2026-08-21 21:47:48
26,Varun Shetty,varun.shetty@vit.edu.in,hashed_pw_658,customer,2026-08-21 21:47:48
27,Anjali Mishra,anjali.mishra@vit.edu.in,hashed_pw_189,customer,2026-08-21 21:47:48
28,Rohit Saxena,rohit.saxena@vit.edu.in,hashed_pw_704,customer,2026-08-21 21:47:48
